samples,computations,losses
1000,10.0,1.0110140204429627
2000,20.0,0.779847326874733
3000,30.0,0.3025538045167923
4000,40.0,0.28272927552461624
5000,50.0,0.2771938341856003
6000,60.0,0.2747937235236168
7000,70.0,0.27360296100378034
8000,80.0,0.27297460824251174
9000,90.0,0.2725417059659958
10000,100.0,0.2720215088129044
11000,110.0,0.27172590494155885
12000,120.0,0.27168580442667006
13000,130.0,0.2718848365545273
14000,140.0,0.2712259593605995
15000,150.0,0.2715226435661316
16000,160.0,0.2711702439188957
17000,170.0,0.2709015899896622
18000,180.0,0.27117186188697817
19000,190.0,0.27069117963314054
20000,200.0,0.27105990797281265
21000,210.0,0.2710794213414192
22000,220.0,0.2709420865774155
23000,230.0,0.27096822530031206
24000,240.0,0.27071789413690567
25000,250.0,0.27079001665115354
26000,260.0,0.2705312344431877
27000,270.0,0.27062876969575883
28000,280.0,0.2706320920586586
29000,290.0,0.27046571046113965
30000,300.0,0.2708296602964401
31000,310.0,0.27059638649225237
32000,320.0,0.270797975063324
33000,330.0,0.27085847467184065
34000,340.0,0.27045407354831696
35000,350.0,0.2703437447547913
36000,360.0,0.2703081065416336
37000,370.0,0.2703590589761734
38000,380.0,0.270565647482872
39000,390.0,0.2707531240582466
40000,400.0,0.2704522177577019
41000,410.0,0.2704417575895786
42000,420.0,0.2705403055250645
43000,430.0,0.27066750958561897
44000,440.0,0.2702562922239304
45000,450.0,0.270533307492733
46000,460.0,0.27034640073776245
47000,470.0,0.270307959318161
48000,480.0,0.2705641883611679
49000,490.0,0.2705076974630356
50000,500.0,0.270423059463501
51000,510.0,0.2707808065414429
52000,520.0,0.27051461607217786
53000,530.0,0.270522418320179
54000,540.0,0.2702101218700409
55000,550.0,0.27058272048830984
56000,560.0,0.27050895810127257
57000,570.0,0.27022072434425354
58000,580.0,0.2704445159435272
59000,590.0,0.27034571081399916
60000,600.0,0.2706117585301399
61000,610.0,0.27024028688669205
62000,620.0,0.27031117528676984
63000,630.0,0.27037454932928084
64000,640.0,0.2703507813811302
65000,650.0,0.2703816631436348
66000,660.0,0.27096430778503416
67000,670.0,0.27061637610197065
68000,680.0,0.2708402916789055
69000,690.0,0.27038654625415803
70000,700.0,0.2706860980391502
71000,710.0,0.270365871489048
72000,720.0,0.27038382589817045
73000,730.0,0.27035697788000107
74000,740.0,0.27085063338279725
75000,750.0,0.27036687403917314
76000,760.0,0.2705057626962662
77000,770.0,0.270451976954937
78000,780.0,0.2703974610567093
79000,790.0,0.2705534708499908
80000,800.0,0.2703901156783104
81000,810.0,0.2706211519241333
82000,820.0,0.27077021077275276
83000,830.0,0.27028254196047785
84000,840.0,0.2703688296675682
85000,850.0,0.27054430186748507
86000,860.0,0.2706209224462509
87000,870.0,0.27041818559169767
88000,880.0,0.27031430691480635
89000,890.0,0.2705011197924614
90000,900.0,0.27071972101926806
91000,910.0,0.270127135515213
92000,920.0,0.2703573298454285
93000,930.0,0.2703144699335098
94000,940.0,0.27031504690647123
95000,950.0,0.2702676865458489
96000,960.0,0.27052032470703125
97000,970.0,0.2708377268910408
98000,980.0,0.27048534512519834
99000,990.0,0.27066223621368407
100000,1000.0,0.27030825763940813
101000,1010.0,0.27066308945417406
102000,1020.0,0.27045399993658065
103000,1030.0,0.2702628594636917
104000,1040.0,0.2703710588812828
105000,1050.0,0.2703455191850662
106000,1060.0,0.27044339895248415
107000,1070.0,0.27032599717378614
108000,1080.0,0.2705788069963455
109000,1090.0,0.2703152087330818
110000,1100.0,0.27026218205690383
111000,1110.0,0.2702645221352577
112000,1120.0,0.2703926068544388
113000,1130.0,0.27034969329833985
114000,1140.0,0.27004888504743574
115000,1150.0,0.2702906963229179
116000,1160.0,0.2702981285750866
117000,1170.0,0.27021516144275665
118000,1180.0,0.27054478019475936
119000,1190.0,0.27028456270694734
120000,1200.0,0.2703331908583641
121000,1210.0,0.27051239579916
122000,1220.0,0.2702059915661812
123000,1230.0,0.2702166776359081
124000,1240.0,0.27021439403295516
125000,1250.0,0.2702102017402649
126000,1260.0,0.2700839340686798
127000,1270.0,0.2704725882411003
128000,1280.0,0.2702534693479538
129000,1290.0,0.27003458559513094
130000,1300.0,0.27012401312589646
131000,1310.0,0.27038357794284823
132000,1320.0,0.2699971368908882
133000,1330.0,0.27016195029020307
134000,1340.0,0.2701018977165222
135000,1350.0,0.27038969218730924
136000,1360.0,0.27018163293600084
137000,1370.0,0.2704282306134701
138000,1380.0,0.2703082039952278
139000,1390.0,0.2703759679198265
140000,1400.0,0.27013559356331823
141000,1410.0,0.2701717185974121
142000,1420.0,0.27017121881246564
143000,1430.0,0.2701704701781273
144000,1440.0,0.27014430820941926
145000,1450.0,0.27018188655376435
146000,1460.0,0.2702223020792007
147000,1470.0,0.2702090565860271
148000,1480.0,0.2703729194402695
149000,1490.0,0.27039086520671846
150000,1500.0,0.27042608201503754
151000,1510.0,0.2702403485774994
152000,1520.0,0.2702683538198471
153000,1530.0,0.27019337028265
154000,1540.0,0.2701861262321472
155000,1550.0,0.27025283843278886
156000,1560.0,0.27031812593340876
157000,1570.0,0.27013921648263933
158000,1580.0,0.2701581832766533
159000,1590.0,0.27024859994649886
160000,1600.0,0.2700997665524483
161000,1610.0,0.27050523161888124
162000,1620.0,0.270187172293663
163000,1630.0,0.27030692875385287
164000,1640.0,0.2699957591295242
165000,1650.0,0.2700160011649132
166000,1660.0,0.2700561797618866
167000,1670.0,0.27039623200893403
168000,1680.0,0.2701476229727268
169000,1690.0,0.2701083531975746
170000,1700.0,0.2701525428891182
171000,1710.0,0.27011212676763535
172000,1720.0,0.2702742341160774
173000,1730.0,0.2703265655040741
174000,1740.0,0.27016152277588845
175000,1750.0,0.2702333328127861
176000,1760.0,0.27042409986257554
177000,1770.0,0.2702418062090874
178000,1780.0,0.2701533618569374
179000,1790.0,0.2705120787024498
180000,1800.0,0.2701313605904579
181000,1810.0,0.2703046464920044
182000,1820.0,0.2702771285176277
183000,1830.0,0.2699821311235428
184000,1840.0,0.2701519288122654
185000,1850.0,0.2702498629689217
186000,1860.0,0.2700784419476986
187000,1870.0,0.27011687844991683
188000,1880.0,0.270277406424284
189000,1890.0,0.27027204871177674
190000,1900.0,0.2704474340379238
191000,1910.0,0.27005923420190814
192000,1920.0,0.2699521042406559
193000,1930.0,0.27025443404912947
194000,1940.0,0.2700939729809761
195000,1950.0,0.270120767056942
196000,1960.0,0.2704750341176987
197000,1970.0,0.27011521518230436
198000,1980.0,0.2701778072118759
199000,1990.0,0.2700124374032021
200000,2000.0,0.27002058416604996
201000,2010.0,0.2700864624977112
202000,2020.0,0.270077269077301
203000,2030.0,0.2700440849363804
204000,2040.0,0.2701495459675789
205000,2050.0,0.2701050913333893
206000,2060.0,0.2699747532606125
207000,2070.0,0.2699809017777443
208000,2080.0,0.27010930091142654
209000,2090.0,0.26999776214361193
210000,2100.0,0.27005708038806914
211000,2110.0,0.2700656747817993
212000,2120.0,0.27016262590885165
213000,2130.0,0.2701616558432579
214000,2140.0,0.2702053344249725
215000,2150.0,0.27003770172595976
216000,2160.0,0.2702114549279213
217000,2170.0,0.27023045539855955
218000,2180.0,0.27003425508737566
219000,2190.0,0.270094970613718
220000,2200.0,0.2701143103837967
221000,2210.0,0.270250036418438
222000,2220.0,0.2702492132782936
223000,2230.0,0.27012762904167176
224000,2240.0,0.2701899400353432
225000,2250.0,0.2703254321217537
226000,2260.0,0.2702743232250214
227000,2270.0,0.27016417294740674
228000,2280.0,0.26999894231557847
229000,2290.0,0.2701510536670685
230000,2300.0,0.2700063070654869
231000,2310.0,0.2700493264198303
232000,2320.0,0.27019350200891495
233000,2330.0,0.2701742845773697
234000,2340.0,0.27010873407125474
235000,2350.0,0.27004836827516554
236000,2360.0,0.27010709553956985
237000,2370.0,0.27006921291351316
238000,2380.0,0.27006371289491654
239000,2390.0,0.2699716806411743
240000,2400.0,0.27018469586968424
241000,2410.0,0.27004934668540953
242000,2420.0,0.27011011689901354
243000,2430.0,0.27003117486834527
244000,2440.0,0.27010000199079515
245000,2450.0,0.26994476079940793
246000,2460.0,0.2700018560886383
247000,2470.0,0.2699037820100784
248000,2480.0,0.270026133954525
249000,2490.0,0.2700509457290173
250000,2500.0,0.2701105943322182
251000,2510.0,0.270091210603714
252000,2520.0,0.2701113176345825
253000,2530.0,0.27004808202385905
254000,2540.0,0.2700833196938038
255000,2550.0,0.2700884997844696
256000,2560.0,0.2700914719700813
257000,2570.0,0.2701075705885887
258000,2580.0,0.27007449194788935
259000,2590.0,0.27007826894521714
260000,2600.0,0.2701309984922409
261000,2610.0,0.26995875805616376
262000,2620.0,0.27016144663095476
263000,2630.0,0.26999984830617907
264000,2640.0,0.2701162806153297
265000,2650.0,0.27005255579948423
266000,2660.0,0.27005384624004364
267000,2670.0,0.2702810998260975
268000,2680.0,0.26998304516077043
269000,2690.0,0.2701476335525513
270000,2700.0,0.27007318049669266
271000,2710.0,0.2700568842887878
272000,2720.0,0.2699750339984894
273000,2730.0,0.27014573365449907
274000,2740.0,0.269995414018631
275000,2750.0,0.2699935784935951
276000,2760.0,0.26998824954032896
277000,2770.0,0.2700138834118843
278000,2780.0,0.2699419316649437
279000,2790.0,0.269987508058548
280000,2800.0,0.2700944599509239
281000,2810.0,0.27003887206315996
282000,2820.0,0.2701300786435604
283000,2830.0,0.27005770325660705
284000,2840.0,0.2701362019777298
285000,2850.0,0.2700095999240875
286000,2860.0,0.27000755310058594
287000,2870.0,0.2700593602657318
288000,2880.0,0.27004766583442685
289000,2890.0,0.2701465865969658
290000,2900.0,0.2700787292420864
291000,2910.0,0.2699934443831444
292000,2920.0,0.2699780625104904
293000,2930.0,0.27005723133683207
294000,2940.0,0.27015339225530627
295000,2950.0,0.270063681602478
296000,2960.0,0.2700585880875587
297000,2970.0,0.27008423656225206
298000,2980.0,0.2702277299761772
299000,2990.0,0.2700438904762268
300000,3000.0,0.27013891622424124
301000,3010.0,0.2702276510000229
302000,3020.0,0.27000689566135405
303000,3030.0,0.270017646253109
304000,3040.0,0.2699324542284012
305000,3050.0,0.27000617802143095
306000,3060.0,0.26993693709373473
307000,3070.0,0.2699883832037449
308000,3080.0,0.2700107064843178
309000,3090.0,0.26994361728429794
310000,3100.0,0.2699467885494232
311000,3110.0,0.26998366743326185
312000,3120.0,0.26995852053165437
313000,3130.0,0.27008538484573363
314000,3140.0,0.2699781601130962
315000,3150.0,0.2700621823966503
316000,3160.0,0.27007643818855287
317000,3170.0,0.27002643659710884
318000,3180.0,0.2700535616278648
319000,3190.0,0.26994827955961226
320000,3200.0,0.26988102108240125
321000,3210.0,0.2699160870909691
322000,3220.0,0.26996051833033563
323000,3230.0,0.26995509952306745
324000,3240.0,0.27003670573234556
325000,3250.0,0.27002641528844834
326000,3260.0,0.26996678233146665
327000,3270.0,0.2700406649708748
328000,3280.0,0.2699823644757271
329000,3290.0,0.2700791987776756
330000,3300.0,0.2700987061858177
331000,3310.0,0.269978529214859
332000,3320.0,0.2700566871464252
333000,3330.0,0.2699328511953354
334000,3340.0,0.2699393579363823
335000,3350.0,0.2699564138054848
336000,3360.0,0.2699976053833961
337000,3370.0,0.2699667929112911
338000,3380.0,0.2698958519101143
339000,3390.0,0.27003015726804735
340000,3400.0,0.26995358437299727
341000,3410.0,0.2699350166320801
342000,3420.0,0.27006242603063585
343000,3430.0,0.2699611055850983
344000,3440.0,0.26998175427317617
345000,3450.0,0.26995020151138305
346000,3460.0,0.26996437773108484
347000,3470.0,0.2699115175008774
348000,3480.0,0.26993046686053274
349000,3490.0,0.26999695390462874
350000,3500.0,0.27010305151343345
351000,3510.0,0.27001344472169875
352000,3520.0,0.2701038059592247
353000,3530.0,0.2700254590809345
354000,3540.0,0.2700509089231491
355000,3550.0,0.2698771530389786
356000,3560.0,0.269948907494545
357000,3570.0,0.2701028986275196
358000,3580.0,0.2701468786597252
359000,3590.0,0.27010890424251555
360000,3600.0,0.270044624209404
361000,3610.0,0.270031498670578
362000,3620.0,0.2700666329264641
363000,3630.0,0.26999288752675055
364000,3640.0,0.26999186307191847
365000,3650.0,0.26998070895671844
366000,3660.0,0.27004157125949857
367000,3670.0,0.2699274337291718
368000,3680.0,0.2699622783064842
369000,3690.0,0.27000422090291976
370000,3700.0,0.2699281188845635
371000,3710.0,0.26993084520101546
372000,3720.0,0.26988858729600906
373000,3730.0,0.26994367271661757
374000,3740.0,0.2700987832248211
375000,3750.0,0.2700422355532646
376000,3760.0,0.26998604625463485
377000,3770.0,0.2700065979361534
378000,3780.0,0.26999623715877535
379000,3790.0,0.26996413618326187
380000,3800.0,0.270009728372097
381000,3810.0,0.26997587889432906
382000,3820.0,0.2700117725133896
383000,3830.0,0.26992658197879793
384000,3840.0,0.26988398045301437
385000,3850.0,0.2699035984277725
386000,3860.0,0.2699644273519516
387000,3870.0,0.27004547327756884
388000,3880.0,0.2700191605091095
389000,3890.0,0.2700381696224213
390000,3900.0,0.2699883532524109
391000,3910.0,0.2700701257586479
392000,3920.0,0.27002242594957354
393000,3930.0,0.2699556188285351
394000,3940.0,0.2699141728878021
395000,3950.0,0.27000351503491404
396000,3960.0,0.2699940770864487
397000,3970.0,0.27003309071063997
398000,3980.0,0.26999394208192823
399000,3990.0,0.26996788665652277
400000,4000.0,0.27001198023557665
401000,4010.0,0.2699523827433586
402000,4020.0,0.26995708227157594
403000,4030.0,0.269951032102108
404000,4040.0,0.2699431148171425
405000,4050.0,0.26990160256624224
406000,4060.0,0.26992238849401473
407000,4070.0,0.26993748784065247
408000,4080.0,0.26991686433553697
409000,4090.0,0.26992188066244127
410000,4100.0,0.26998251348733904
411000,4110.0,0.2699877256155014
412000,4120.0,0.2699588942527771
413000,4130.0,0.2699591127038002
414000,4140.0,0.2699355322122574
415000,4150.0,0.2699221843481064
416000,4160.0,0.26991462379693987
417000,4170.0,0.26998849302530287
418000,4180.0,0.26996366411447525
419000,4190.0,0.26993118315935133
420000,4200.0,0.27006226003170014
421000,4210.0,0.27000625103712084
422000,4220.0,0.2699310097098351
423000,4230.0,0.2699805670976639
424000,4240.0,0.26998742163181305
425000,4250.0,0.26992930442094804
426000,4260.0,0.26998102068901064
427000,4270.0,0.26994903713464735
428000,4280.0,0.26994828909635543
429000,4290.0,0.2699077597260475
430000,4300.0,0.2698715877532959
431000,4310.0,0.2699018824100494
432000,4320.0,0.2699021089076996
433000,4330.0,0.26988337755203246
434000,4340.0,0.2699456065893173
435000,4350.0,0.2699053072929382
436000,4360.0,0.26988756358623506
437000,4370.0,0.26987144857645035
438000,4380.0,0.2699108222126961
439000,4390.0,0.2698629230260849
440000,4400.0,0.2698942494392395
441000,4410.0,0.26991638481616975
442000,4420.0,0.2699987581372261
443000,4430.0,0.2698978102207184
444000,4440.0,0.2699069333076477
445000,4450.0,0.26995102018117906
446000,4460.0,0.26995495975017547
447000,4470.0,0.2699585795402527
448000,4480.0,0.2699189627170563
449000,4490.0,0.2699403890967369
450000,4500.0,0.2699286487698555
451000,4510.0,0.2699718651175499
452000,4520.0,0.270001704543829
453000,4530.0,0.26994443595409395
454000,4540.0,0.26997908085584643
455000,4550.0,0.2699708691239357
456000,4560.0,0.2699445420503616
457000,4570.0,0.26992175102233884
458000,4580.0,0.2698867277801037
459000,4590.0,0.2699064663052559
460000,4600.0,0.2699297425150871
461000,4610.0,0.26995724469423293
462000,4620.0,0.2699199955165386
463000,4630.0,0.2699641644954681
464000,4640.0,0.26992904156446457
465000,4650.0,0.26992728024721147
466000,4660.0,0.27001564830541613
467000,4670.0,0.27000426143407824
468000,4680.0,0.269961017370224
469000,4690.0,0.2700171487033367
470000,4700.0,0.27003281652927397
471000,4710.0,0.2699914835393429
472000,4720.0,0.2700420570373535
473000,4730.0,0.27003969848155973
474000,4740.0,0.2700092115998268
475000,4750.0,0.26998833552002904
476000,4760.0,0.26995967730879783
477000,4770.0,0.26993114277720454
478000,4780.0,0.2699660915136337
479000,4790.0,0.27001986861228944
480000,4800.0,0.2699624350667
481000,4810.0,0.2699488803744316
482000,4820.0,0.26991685301065443
483000,4830.0,0.26991108790040014
484000,4840.0,0.26991573184728623
485000,4850.0,0.26996280208230017
486000,4860.0,0.26993515580892563
487000,4870.0,0.2699690705537796
488000,4880.0,0.2699322670698166
489000,4890.0,0.26992604196071623
490000,4900.0,0.26991086080670357
491000,4910.0,0.26990087240934374
492000,4920.0,0.26990044191479684
493000,4930.0,0.2698564323782921
494000,4940.0,0.2698632577061653
495000,4950.0,0.2699023312330246
496000,4960.0,0.26992041379213333
497000,4970.0,0.2699140350520611
498000,4980.0,0.26988511085510253
499000,4990.0,0.26992122292518617
500000,5000.0,0.26990943402051926
501000,5010.0,0.2699049201607704
502000,5020.0,0.2699019542336464
503000,5030.0,0.2699068349599838
504000,5040.0,0.26993361800909044
505000,5050.0,0.26997625023126604
506000,5060.0,0.26998570799827576
507000,5070.0,0.2700034847855568
508000,5080.0,0.26998816907405854
509000,5090.0,0.2699215841293335
510000,5100.0,0.26989622205495833
511000,5110.0,0.269884113073349
512000,5120.0,0.26992041125893595
513000,5130.0,0.26991759836673734
514000,5140.0,0.2699307894706726
515000,5150.0,0.2699593570828438
516000,5160.0,0.2698862302303314
517000,5170.0,0.2699149776995182
518000,5180.0,0.26991431713104247
519000,5190.0,0.2699308669567108
520000,5200.0,0.26993816554546357
521000,5210.0,0.26990223973989486
522000,5220.0,0.2699089692533016
523000,5230.0,0.2699669620394707
524000,5240.0,0.2699343129992485
525000,5250.0,0.2699280741810799
526000,5260.0,0.26994634300470355
527000,5270.0,0.2699839919805527
528000,5280.0,0.269925075173378
529000,5290.0,0.2699457189440727
530000,5300.0,0.2700016751885414
531000,5310.0,0.2699791356921196
532000,5320.0,0.26998887181282044
533000,5330.0,0.2699618911743164
534000,5340.0,0.269953530728817
535000,5350.0,0.26994035094976426
536000,5360.0,0.2699930304288864
537000,5370.0,0.26997705549001694
538000,5380.0,0.2699441882967949
539000,5390.0,0.26994653210043906
540000,5400.0,0.2699437381327152
541000,5410.0,0.26992021963000296
542000,5420.0,0.2699041804671288
543000,5430.0,0.26990500539541246
544000,5440.0,0.2699074986577034
545000,5450.0,0.2699348784983158
546000,5460.0,0.26993411004543305
547000,5470.0,0.26993566781282424
548000,5480.0,0.26995583266019824
549000,5490.0,0.2699126935005188
550000,5500.0,0.2699292200803757
551000,5510.0,0.26989633530378343
552000,5520.0,0.2698936454951763
553000,5530.0,0.26993007212877274
554000,5540.0,0.2699398696422577
555000,5550.0,0.26996619075536726
556000,5560.0,0.26994791984558103
557000,5570.0,0.2699312835931778
558000,5580.0,0.269921193420887
559000,5590.0,0.26990456372499466
560000,5600.0,0.26990067422389985
561000,5610.0,0.26988431096076965
562000,5620.0,0.2698932573199272
563000,5630.0,0.2698701652884483
564000,5640.0,0.2698884038627148
565000,5650.0,0.26990379840135575
566000,5660.0,0.269879989027977
567000,5670.0,0.26986600160598756
568000,5680.0,0.26989482492208483
569000,5690.0,0.269891157746315
570000,5700.0,0.26989940702915194
571000,5710.0,0.26990625113248823
572000,5720.0,0.2699176049232483
573000,5730.0,0.26994763761758805
574000,5740.0,0.2699467277526855
575000,5750.0,0.26997167378664017
576000,5760.0,0.26999189496040343
577000,5770.0,0.26999433696269987
578000,5780.0,0.26996811866760256
579000,5790.0,0.269920324832201
580000,5800.0,0.26989626467227934
581000,5810.0,0.26985822468996046
582000,5820.0,0.26986822724342346
583000,5830.0,0.26988340526819227
584000,5840.0,0.2698846670985222
585000,5850.0,0.2699020054936409
586000,5860.0,0.26991319000720976
587000,5870.0,0.2699231630563736
588000,5880.0,0.26993642061948775
589000,5890.0,0.2699325896799564
590000,5900.0,0.2699460293352604
591000,5910.0,0.26993991181254384
592000,5920.0,0.26993564397096637
593000,5930.0,0.26994061172008516
594000,5940.0,0.26994654551148417
595000,5950.0,0.26992551654577257
596000,5960.0,0.26992325991392135
597000,5970.0,0.2699168875813484
598000,5980.0,0.26991877526044844
599000,5990.0,0.26990493267774585
600000,6000.0,0.26993504762649534
601000,6010.0,0.26996122896671293
602000,6020.0,0.2699362631142139
603000,6030.0,0.2699179708957672
604000,6040.0,0.2698983497917652
605000,6050.0,0.2698957070708275
606000,6060.0,0.26991687923669816
607000,6070.0,0.26989755898714063
608000,6080.0,0.2698990821838379
609000,6090.0,0.2698986342549324
610000,6100.0,0.26987035691738126
611000,6110.0,0.2698782517015934
612000,6120.0,0.2698872032761574
613000,6130.0,0.2698912936449051
614000,6140.0,0.26989197105169294
615000,6150.0,0.2698943728208542
616000,6160.0,0.2698873947560787
617000,6170.0,0.2699021454155445
618000,6180.0,0.269901160299778
619000,6190.0,0.26989505082368853
620000,6200.0,0.2699095022678375
621000,6210.0,0.2699254685640335
622000,6220.0,0.2699379625916481
623000,6230.0,0.2699298053979874
624000,6240.0,0.269896587729454
625000,6250.0,0.26991606652736666
626000,6260.0,0.2699340118467808
627000,6270.0,0.2699400252103806
628000,6280.0,0.26993154525756835
629000,6290.0,0.26993141025304795
630000,6300.0,0.2699388012290001
631000,6310.0,0.2699327477812767
632000,6320.0,0.2699401053786278
633000,6330.0,0.26991547405719757
634000,6340.0,0.2699125212430954
635000,6350.0,0.2699101096391678
636000,6360.0,0.26988728225231173
637000,6370.0,0.2698849540948868
638000,6380.0,0.26988734900951383
639000,6390.0,0.2699118795990944
640000,6400.0,0.26990847319364547
641000,6410.0,0.2698844555020332
642000,6420.0,0.26987058043479917
643000,6430.0,0.2698672676086426
644000,6440.0,0.26987686395645144
645000,6450.0,0.2699014782905579
646000,6460.0,0.269899325966835
647000,6470.0,0.26992600798606875
648000,6480.0,0.2699362921714783
649000,6490.0,0.2699165692925453
650000,6500.0,0.2699181091785431
651000,6510.0,0.2699274381995201
652000,6520.0,0.26992764115333556
653000,6530.0,0.2699442985653877
654000,6540.0,0.26994011908769605
655000,6550.0,0.2699684229493141
656000,6560.0,0.2699733404815197
657000,6570.0,0.2699652206897736
658000,6580.0,0.26993923231959344
659000,6590.0,0.26995481610298155
660000,6600.0,0.2699494868516922
661000,6610.0,0.26994081705808637
662000,6620.0,0.2699377065896988
663000,6630.0,0.26995004832744596
664000,6640.0,0.2699439626932144
665000,6650.0,0.26995104387402535
666000,6660.0,0.2699439623951912
667000,6670.0,0.26993318170309066
668000,6680.0,0.269930340051651
669000,6690.0,0.2699333134293556
670000,6700.0,0.2699300488829613
671000,6710.0,0.26992268055677415
672000,6720.0,0.26992859691381454
673000,6730.0,0.2699137532711029
674000,6740.0,0.26992676481604577
675000,6750.0,0.26990593403577806
676000,6760.0,0.2699060678482056
677000,6770.0,0.269915996491909
678000,6780.0,0.2699212047457695
679000,6790.0,0.269917476773262
680000,6800.0,0.26991151154041293
681000,6810.0,0.26990253627300265
682000,6820.0,0.269910589158535
683000,6830.0,0.26992771089076995
684000,6840.0,0.26992700904607775
685000,6850.0,0.2699138729274273
686000,6860.0,0.26989874988794327
687000,6870.0,0.269898384809494
688000,6880.0,0.2699197852611542
689000,6890.0,0.2699074763059616
690000,6900.0,0.2698874282836914
691000,6910.0,0.2698974055051804
692000,6920.0,0.26990086197853086
693000,6930.0,0.2699180823564529
694000,6940.0,0.2699064064025879
695000,6950.0,0.26989666372537613
696000,6960.0,0.2699111898243427
697000,6970.0,0.26990392833948135
698000,6980.0,0.26990229219198225
699000,6990.0,0.26990637242794036
700000,7000.0,0.2699089208245277
701000,7010.0,0.2699008736014366
702000,7020.0,0.2699060618877411
703000,7030.0,0.26990035593509676
704000,7040.0,0.2699037063121796
705000,7050.0,0.26989918649196626
706000,7060.0,0.26989821791648866
707000,7070.0,0.2698978568613529
708000,7080.0,0.26991024017333987
709000,7090.0,0.2699089726805687
710000,7100.0,0.26991730272769926
711000,7110.0,0.26991623431444167
712000,7120.0,0.26992123052477834
713000,7130.0,0.2699216668307781
714000,7140.0,0.26993063852190974
715000,7150.0,0.26994203418493273
716000,7160.0,0.26994465678930285
717000,7170.0,0.26992137789726256
718000,7180.0,0.269909086227417
719000,7190.0,0.26990358367562295
720000,7200.0,0.26992905616760254
721000,7210.0,0.2699294418096542
722000,7220.0,0.2699181005358696
723000,7230.0,0.26991410374641417
724000,7240.0,0.2699194893240929
725000,7250.0,0.26993119150400163
726000,7260.0,0.26993021339178086
727000,7270.0,0.2699334965646267
728000,7280.0,0.26992639124393464
729000,7290.0,0.26992354691028597
730000,7300.0,0.26993016093969346
731000,7310.0,0.26993289455771446
732000,7320.0,0.2699317023158073
733000,7330.0,0.2699254909157753
734000,7340.0,0.26992416054010393
735000,7350.0,0.26993457317352293
736000,7360.0,0.26993456900119783
737000,7370.0,0.269934101998806
738000,7380.0,0.2699283450841904
739000,7390.0,0.2699162971973419
740000,7400.0,0.2699184662103653
741000,7410.0,0.2699068658053875
742000,7420.0,0.26990181833505633
743000,7430.0,0.26990332201123235
744000,7440.0,0.26989671021699907
745000,7450.0,0.26989852339029313
746000,7460.0,0.26988994270563127
747000,7470.0,0.2699015358090401
748000,7480.0,0.26990949004888537
749000,7490.0,0.26991112232208253
750000,7500.0,0.26991140633821487
751000,7510.0,0.2699145010113716
752000,7520.0,0.26991506457328795
753000,7530.0,0.26991281419992447
754000,7540.0,0.2699128609895706
755000,7550.0,0.26991151839494704
756000,7560.0,0.2699061977863312
757000,7570.0,0.26991137459874154
758000,7580.0,0.2699107113480568
759000,7590.0,0.2698976148664951
760000,7600.0,0.2699049124121666
761000,7610.0,0.26990386068820954
762000,7620.0,0.26990059912204745
763000,7630.0,0.26989406257867815
764000,7640.0,0.2698972137272358
765000,7650.0,0.26990783482789993
766000,7660.0,0.26991217136383056
767000,7670.0,0.26989745706319807
768000,7680.0,0.26988927245140076
769000,7690.0,0.2698922184109688
770000,7700.0,0.2699049159884453
771000,7710.0,0.2699052742123604
772000,7720.0,0.26990328550338744
773000,7730.0,0.26990773230791093
774000,7740.0,0.26990671202540395
775000,7750.0,0.26990600675344467
776000,7760.0,0.26991270333528516
777000,7770.0,0.2699089205265045
778000,7780.0,0.2699079942703247
779000,7790.0,0.26990706488490107
780000,7800.0,0.2698953166604042
781000,7810.0,0.2698911166191101
782000,7820.0,0.2698951034247875
783000,7830.0,0.2698907643556595
784000,7840.0,0.2698980249464512
785000,7850.0,0.2699079042673111
786000,7860.0,0.2699066039919853
787000,7870.0,0.2699095544219017
788000,7880.0,0.2699094381928444
789000,7890.0,0.2699070742726326
790000,7900.0,0.26990298330783846
791000,7910.0,0.26990254342555997
792000,7920.0,0.26990251272916793
793000,7930.0,0.26989850133657456
794000,7940.0,0.26989251911640166
795000,7950.0,0.2698939654231072
796000,7960.0,0.26990081697702406
797000,7970.0,0.2698938935995102
798000,7980.0,0.2698966971039772
799000,7990.0,0.26989061027765276
800000,8000.0,0.2698892568051815
801000,8010.0,0.2698824834823608
802000,8020.0,0.2698883801698685
803000,8030.0,0.26988117784261706
804000,8040.0,0.269881611764431
805000,8050.0,0.2698864471912384
806000,8060.0,0.2698902432620525
807000,8070.0,0.2698902581632137
808000,8080.0,0.2698892290890217
809000,8090.0,0.26988900274038313
810000,8100.0,0.26988727241754534
811000,8110.0,0.26988359600305556
812000,8120.0,0.26988367080688475
813000,8130.0,0.26988365054130553
814000,8140.0,0.26989142924547194
815000,8150.0,0.26989311814308165
816000,8160.0,0.269895938038826
817000,8170.0,0.2698969566822052
818000,8180.0,0.2699035370349884
819000,8190.0,0.2699195659160614
820000,8200.0,0.2699178731441498
821000,8210.0,0.26990829199552535
822000,8220.0,0.26990075036883354
823000,8230.0,0.2698997667431831
824000,8240.0,0.26989984303712844
825000,8250.0,0.2699016484618187
826000,8260.0,0.2699020299315453
827000,8270.0,0.26990848779678345
828000,8280.0,0.2699086467921734
829000,8290.0,0.2699054083228111
830000,8300.0,0.26990468859672545
831000,8310.0,0.2699038779735565
832000,8320.0,0.26989379078149794
833000,8330.0,0.2698958623409271
834000,8340.0,0.26989984065294265
835000,8350.0,0.26990079164505004
836000,8360.0,0.2699109199643135
837000,8370.0,0.26991570234298706
838000,8380.0,0.2699075761437416
839000,8390.0,0.26990947872400284
840000,8400.0,0.2699106658995152
841000,8410.0,0.26991149425506594
